{
  "per_dataset_score": {
    "narrativeqa": 0.08043877690936516,
    "qasper": 0.33248731163246276,
    "multifieldqa_en": 0.3237503635315882,
    "hotpotqa": 0.40041414141414144,
    "2wikimqa": 0.4553333333333333,
    "musique": 0.17721637426900586,
    "gov_report": 0.23230958522120682,
    "qmsum": 0.1523130438314082,
    "multi_news": 0.2207108854168205,
    "lcc": 0.41831999999999997,
    "repobench-p": 0.54064,
    "passage_count": 0.02,
    "passage_retrieval_en": 0.5366666666666666,
    "trec": 0.01,
    "triviaqa": 0.4891428571428571,
    "samsum": 0.28825803344006856
  },
  "per_dataset_avg_tokens": {
    "narrativeqa": 3486.68,
    "qasper": 984.9,
    "multifieldqa_en": 918.4736842105264,
    "hotpotqa": 748.38,
    "2wikimqa": 862.38,
    "musique": 663.72,
    "gov_report": 823.72,
    "qmsum": 1106.78,
    "multi_news": 933.0,
    "lcc": 1112.048,
    "repobench-p": 1399.168,
    "passage_count": 640.94,
    "passage_retrieval_en": 728.64,
    "trec": 2226.82,
    "triviaqa": 834.24,
    "samsum": 1061.54
  },
  "summary_score": {
    "SingleDoc": 0.24555881735780538,
    "MultiDoc": 0.34432128300549353,
    "Summ.": 0.2017778381564785,
    "FewShot": 0.26246696352764187,
    "Synth.": 0.2783333333333333,
    "Code": 0.47948,
    "AVG": 0.29237508580055777
  },
  "overall_avg_tokens": 1176.8560767590618
}